[{"model": "auth.permission", "pk": 1, "fields": {"name": "Can add log entry", "content_type": 1, "codename": "add_logentry"}}, {"model": "auth.permission", "pk": 2, "fields": {"name": "Can change log entry", "content_type": 1, "codename": "change_logentry"}}, {"model": "auth.permission", "pk": 3, "fields": {"name": "Can delete log entry", "content_type": 1, "codename": "delete_logentry"}}, {"model": "auth.permission", "pk": 4, "fields": {"name": "Can view log entry", "content_type": 1, "codename": "view_logentry"}}, {"model": "auth.permission", "pk": 5, "fields": {"name": "Can add permission", "content_type": 2, "codename": "add_permission"}}, {"model": "auth.permission", "pk": 6, "fields": {"name": "Can change permission", "content_type": 2, "codename": "change_permission"}}, {"model": "auth.permission", "pk": 7, "fields": {"name": "Can delete permission", "content_type": 2, "codename": "delete_permission"}}, {"model": "auth.permission", "pk": 8, "fields": {"name": "Can view permission", "content_type": 2, "codename": "view_permission"}}, {"model": "auth.permission", "pk": 9, "fields": {"name": "Can add group", "content_type": 3, "codename": "add_group"}}, {"model": "auth.permission", "pk": 10, "fields": {"name": "Can change group", "content_type": 3, "codename": "change_group"}}, {"model": "auth.permission", "pk": 11, "fields": {"name": "Can delete group", "content_type": 3, "codename": "delete_group"}}, {"model": "auth.permission", "pk": 12, "fields": {"name": "Can view group", "content_type": 3, "codename": "view_group"}}, {"model": "auth.permission", "pk": 13, "fields": {"name": "Can add content type", "content_type": 4, "codename": "add_contenttype"}}, {"model": "auth.permission", "pk": 14, "fields": {"name": "Can change content type", "content_type": 4, "codename": "change_contenttype"}}, {"model": "auth.permission", "pk": 15, "fields": {"name": "Can delete content type", "content_type": 4, "codename": "delete_contenttype"}}, {"model": "auth.permission", "pk": 16, "fields": {"name": "Can view content type", "content_type": 4, "codename": "view_contenttype"}}, {"model": "auth.permission", "pk": 17, "fields": {"name": "Can add session", "content_type": 5, "codename": "add_session"}}, {"model": "auth.permission", "pk": 18, "fields": {"name": "Can change session", "content_type": 5, "codename": "change_session"}}, {"model": "auth.permission", "pk": 19, "fields": {"name": "Can delete session", "content_type": 5, "codename": "delete_session"}}, {"model": "auth.permission", "pk": 20, "fields": {"name": "Can view session", "content_type": 5, "codename": "view_session"}}, {"model": "auth.permission", "pk": 21, "fields": {"name": "Can add category", "content_type": 6, "codename": "add_category"}}, {"model": "auth.permission", "pk": 22, "fields": {"name": "Can change category", "content_type": 6, "codename": "change_category"}}, {"model": "auth.permission", "pk": 23, "fields": {"name": "Can delete category", "content_type": 6, "codename": "delete_category"}}, {"model": "auth.permission", "pk": 24, "fields": {"name": "Can view category", "content_type": 6, "codename": "view_category"}}, {"model": "auth.permission", "pk": 25, "fields": {"name": "Can add group", "content_type": 7, "codename": "add_group"}}, {"model": "auth.permission", "pk": 26, "fields": {"name": "Can change group", "content_type": 7, "codename": "change_group"}}, {"model": "auth.permission", "pk": 27, "fields": {"name": "Can delete group", "content_type": 7, "codename": "delete_group"}}, {"model": "auth.permission", "pk": 28, "fields": {"name": "Can view group", "content_type": 7, "codename": "view_group"}}, {"model": "auth.permission", "pk": 29, "fields": {"name": "Can add group user", "content_type": 8, "codename": "add_groupuser"}}, {"model": "auth.permission", "pk": 30, "fields": {"name": "Can change group user", "content_type": 8, "codename": "change_groupuser"}}, {"model": "auth.permission", "pk": 31, "fields": {"name": "Can delete group user", "content_type": 8, "codename": "delete_groupuser"}}, {"model": "auth.permission", "pk": 32, "fields": {"name": "Can view group user", "content_type": 8, "codename": "view_groupuser"}}, {"model": "auth.permission", "pk": 33, "fields": {"name": "Can add shoping item", "content_type": 9, "codename": "add_shopingitem"}}, {"model": "auth.permission", "pk": 34, "fields": {"name": "Can change shoping item", "content_type": 9, "codename": "change_shopingitem"}}, {"model": "auth.permission", "pk": 35, "fields": {"name": "Can delete shoping item", "content_type": 9, "codename": "delete_shopingitem"}}, {"model": "auth.permission", "pk": 36, "fields": {"name": "Can view shoping item", "content_type": 9, "codename": "view_shopingitem"}}, {"model": "auth.permission", "pk": 37, "fields": {"name": "Can add chat", "content_type": 10, "codename": "add_chat"}}, {"model": "auth.permission", "pk": 38, "fields": {"name": "Can change chat", "content_type": 10, "codename": "change_chat"}}, {"model": "auth.permission", "pk": 39, "fields": {"name": "Can delete chat", "content_type": 10, "codename": "delete_chat"}}, {"model": "auth.permission", "pk": 40, "fields": {"name": "Can view chat", "content_type": 10, "codename": "view_chat"}}, {"model": "auth.permission", "pk": 41, "fields": {"name": "Can add day", "content_type": 11, "codename": "add_day"}}, {"model": "auth.permission", "pk": 42, "fields": {"name": "Can change day", "content_type": 11, "codename": "change_day"}}, {"model": "auth.permission", "pk": 43, "fields": {"name": "Can delete day", "content_type": 11, "codename": "delete_day"}}, {"model": "auth.permission", "pk": 44, "fields": {"name": "Can view day", "content_type": 11, "codename": "view_day"}}, {"model": "auth.permission", "pk": 45, "fields": {"name": "Can add event", "content_type": 12, "codename": "add_event"}}, {"model": "auth.permission", "pk": 46, "fields": {"name": "Can change event", "content_type": 12, "codename": "change_event"}}, {"model": "auth.permission", "pk": 47, "fields": {"name": "Can delete event", "content_type": 12, "codename": "delete_event"}}, {"model": "auth.permission", "pk": 48, "fields": {"name": "Can view event", "content_type": 12, "codename": "view_event"}}, {"model": "auth.permission", "pk": 49, "fields": {"name": "Can add event user", "content_type": 13, "codename": "add_eventuser"}}, {"model": "auth.permission", "pk": 50, "fields": {"name": "Can change event user", "content_type": 13, "codename": "change_eventuser"}}, {"model": "auth.permission", "pk": 51, "fields": {"name": "Can delete event user", "content_type": 13, "codename": "delete_eventuser"}}, {"model": "auth.permission", "pk": 52, "fields": {"name": "Can view event user", "content_type": 13, "codename": "view_eventuser"}}, {"model": "auth.permission", "pk": 53, "fields": {"name": "Can add hour", "content_type": 14, "codename": "add_hour"}}, {"model": "auth.permission", "pk": 54, "fields": {"name": "Can change hour", "content_type": 14, "codename": "change_hour"}}, {"model": "auth.permission", "pk": 55, "fields": {"name": "Can delete hour", "content_type": 14, "codename": "delete_hour"}}, {"model": "auth.permission", "pk": 56, "fields": {"name": "Can view hour", "content_type": 14, "codename": "view_hour"}}, {"model": "auth.permission", "pk": 57, "fields": {"name": "Can add minute", "content_type": 15, "codename": "add_minute"}}, {"model": "auth.permission", "pk": 58, "fields": {"name": "Can change minute", "content_type": 15, "codename": "change_minute"}}, {"model": "auth.permission", "pk": 59, "fields": {"name": "Can delete minute", "content_type": 15, "codename": "delete_minute"}}, {"model": "auth.permission", "pk": 60, "fields": {"name": "Can view minute", "content_type": 15, "codename": "view_minute"}}, {"model": "auth.permission", "pk": 61, "fields": {"name": "Can add month", "content_type": 16, "codename": "add_month"}}, {"model": "auth.permission", "pk": 62, "fields": {"name": "Can change month", "content_type": 16, "codename": "change_month"}}, {"model": "auth.permission", "pk": 63, "fields": {"name": "Can delete month", "content_type": 16, "codename": "delete_month"}}, {"model": "auth.permission", "pk": 64, "fields": {"name": "Can view month", "content_type": 16, "codename": "view_month"}}, {"model": "auth.permission", "pk": 65, "fields": {"name": "Can add year", "content_type": 17, "codename": "add_year"}}, {"model": "auth.permission", "pk": 66, "fields": {"name": "Can change year", "content_type": 17, "codename": "change_year"}}, {"model": "auth.permission", "pk": 67, "fields": {"name": "Can delete year", "content_type": 17, "codename": "delete_year"}}, {"model": "auth.permission", "pk": 68, "fields": {"name": "Can view year", "content_type": 17, "codename": "view_year"}}, {"model": "auth.permission", "pk": 69, "fields": {"name": "Can add user contact list", "content_type": 18, "codename": "add_usercontactlist"}}, {"model": "auth.permission", "pk": 70, "fields": {"name": "Can change user contact list", "content_type": 18, "codename": "change_usercontactlist"}}, {"model": "auth.permission", "pk": 71, "fields": {"name": "Can delete user contact list", "content_type": 18, "codename": "delete_usercontactlist"}}, {"model": "auth.permission", "pk": 72, "fields": {"name": "Can view user contact list", "content_type": 18, "codename": "view_usercontactlist"}}, {"model": "auth.permission", "pk": 73, "fields": {"name": "Can add task", "content_type": 19, "codename": "add_task"}}, {"model": "auth.permission", "pk": 74, "fields": {"name": "Can change task", "content_type": 19, "codename": "change_task"}}, {"model": "auth.permission", "pk": 75, "fields": {"name": "Can delete task", "content_type": 19, "codename": "delete_task"}}, {"model": "auth.permission", "pk": 76, "fields": {"name": "Can view task", "content_type": 19, "codename": "view_task"}}, {"model": "auth.permission", "pk": 77, "fields": {"name": "Can add FamilySpace user", "content_type": 20, "codename": "add_user"}}, {"model": "auth.permission", "pk": 78, "fields": {"name": "Can change FamilySpace user", "content_type": 20, "codename": "change_user"}}, {"model": "auth.permission", "pk": 79, "fields": {"name": "Can delete FamilySpace user", "content_type": 20, "codename": "delete_user"}}, {"model": "auth.permission", "pk": 80, "fields": {"name": "Can view FamilySpace user", "content_type": 20, "codename": "view_user"}}, {"model": "auth.permission", "pk": 81, "fields": {"name": "Can add User profile", "content_type": 21, "codename": "add_userprofile"}}, {"model": "auth.permission", "pk": 82, "fields": {"name": "Can change User profile", "content_type": 21, "codename": "change_userprofile"}}, {"model": "auth.permission", "pk": 83, "fields": {"name": "Can delete User profile", "content_type": 21, "codename": "delete_userprofile"}}, {"model": "auth.permission", "pk": 84, "fields": {"name": "Can view User profile", "content_type": 21, "codename": "view_userprofile"}}, {"model": "sessions.session", "pk": "ahmydd6mcrdkoy1887rk21tvqxjjrkrm", "fields": {"session_data": "OGQzNDBiYTQ5NWMxNzVlYjlhYzE2Y2VhODU0N2I5N2ZhNjQyOGU1Yzp7Il9hdXRoX3VzZXJfaWQiOiIxIiwiX2F1dGhfdXNlcl9iYWNrZW5kIjoiZGphbmdvLmNvbnRyaWIuYXV0aC5iYWNrZW5kcy5Nb2RlbEJhY2tlbmQiLCJfYXV0aF91c2VyX2hhc2giOiIyNzM5YjA0MzU0YTAwYzJhMzgxZWUzYmYwNGM0Mjc1YTY2YjZhNzFiIn0=", "expire_date": "2019-05-24T17:06:43.525Z"}}, {"model": "sessions.session", "pk": "j3w2crgsc9n43jgwh9djitebg0a6t7c4", "fields": {"session_data": "OGQzNDBiYTQ5NWMxNzVlYjlhYzE2Y2VhODU0N2I5N2ZhNjQyOGU1Yzp7Il9hdXRoX3VzZXJfaWQiOiIxIiwiX2F1dGhfdXNlcl9iYWNrZW5kIjoiZGphbmdvLmNvbnRyaWIuYXV0aC5iYWNrZW5kcy5Nb2RlbEJhY2tlbmQiLCJfYXV0aF91c2VyX2hhc2giOiIyNzM5YjA0MzU0YTAwYzJhMzgxZWUzYmYwNGM0Mjc1YTY2YjZhNzFiIn0=", "expire_date": "2019-05-24T14:54:16.828Z"}}, {"model": "sessions.session", "pk": "t9yjkhxivyc4o38c1r30g3fa8cijqe4h", "fields": {"session_data": "ZGQ1ZTZkZmE1ZGRmY2M3OTZhNmJkM2I5MGIyZjRmYmFjMmUxNTZlYTp7Il9hdXRoX3VzZXJfaWQiOiI0IiwiX2F1dGhfdXNlcl9iYWNrZW5kIjoiZGphbmdvLmNvbnRyaWIuYXV0aC5iYWNrZW5kcy5Nb2RlbEJhY2tlbmQiLCJfYXV0aF91c2VyX2hhc2giOiJhNDVkZWIwNzI5NDRhNjViNmYwOTExNTkxNTUzNTE4OTZkNjA0NTA4In0=", "expire_date": "2019-05-26T16:41:06.985Z"}}, {"model": "groupapp.category", "pk": 1, "fields": {"name": "cat_1"}}, {"model": "groupapp.group", "pk": 1, "fields": {"title": "test_gr_1", "description": "just for testing", "is_public": true, "category": 1}}, {"model": "groupapp.group", "pk": 2, "fields": {"title": "test_gr_2", "description": "another test", "is_public": true, "category": 1}}, {"model": "groupapp.group", "pk": 3, "fields": {"title": "\u0433\u0440\u0443\u043f\u043f\u0430 \u0434\u043b\u044f \u0442\u0435\u0441\u0442\u0430 \u0441\u043e\u0431\u044b\u0442\u0438\u044f", "description": "\u0432\u044b\u0448\u0435 \u043e\u043f\u0438\u0441\u0430\u043b", "is_public": true, "category": 1}}, {"model": "eventapp.event", "pk": 1, "fields": {"title": "\u041f\u043e\u0445\u043e\u0434 \u0432 \u0442\u0435\u0430\u0442\u0440", "description": "\u0422\u0435\u0430\u0442\u0440 \u041c\u0430\u044f\u043a\u043e\u0432\u0441\u043a\u043e\u0433\u043e", "group": 1, "location": "\u043c. \u041c\u0430\u044f\u043a\u043e\u0432\u0441\u043a\u043e\u0433\u043e", "date": "2019-09-10T21:45:00Z", "status": "ACT"}}, {"model": "eventapp.event", "pk": 2, "fields": {"title": "\u0412\u044b\u0435\u0437\u0434 \u043d\u0430 \u043f\u0440\u0438\u0440\u043e\u0434\u0443", "description": "\u043d\u0430 \u0448\u0430\u0448\u043b\u044b\u043a\u0438 \u043d\u0430 \u0412\u043e\u043b\u0433\u0443", "group": 1, "location": "\u0422\u0432\u0435\u0440\u0441\u043a\u0430\u044f \u043e\u0431\u043b\u0430\u0441\u0442\u044c", "date": "2019-07-17T09:15:00Z", "status": "ACT"}}, {"model": "eventapp.event", "pk": 3, "fields": {"title": "\u041b\u0443\u043d\u043d\u043e\u0435 \u0437\u0430\u0442\u043c\u0435\u043d\u0438\u0435", "description": "\u043a\u043e\u0440\u043e\u0432\u043e\u043c\u044b\u0447\u0430\u043d\u0438\u0435", "group": 1, "location": "\u043f\u043b\u0430\u043d\u0435\u0442\u0430 \u0437\u0435\u043c\u043b\u044f", "date": "2019-07-17T12:15:00Z", "status": "ACT"}}, {"model": "eventapp.event", "pk": 4, "fields": {"title": "\u0414\u0435\u043b\u0430 \u0434\u0430\u0432\u043d\u043e \u043c\u0438\u043d\u0443\u0432\u0448\u0438\u0445 \u0434\u043d\u0435\u0439", "description": "\u0447\u0442\u043e-\u0442\u043e \u043f\u0440\u043e\u0438\u0441\u0445\u043e\u0434\u0438\u043b\u043e", "group": 1, "location": "\u0433\u0434\u0435-\u0442\u043e \u044d\u0442\u043e \u0431\u044b\u043b\u043e", "date": "2019-05-05T16:15:00Z", "status": "INA"}}, {"model": "eventapp.event", "pk": 5, "fields": {"title": "\u041a\u0442\u043e \u043f\u0440\u043e\u0448\u043b\u043e\u0435 \u043f\u043e\u043c\u044f\u043d\u0435\u0442...", "description": "\u0442\u043e\u043c\u0443 \u0433\u043b\u0430\u0437 \u043a\u0443\u0434\u0430?", "group": 1, "location": "\u0432\u043e\u043d", "date": "2019-05-03T06:15:00Z", "status": "INA"}}, {"model": "eventapp.event", "pk": 6, "fields": {"title": "\u0422\u0435\u0441\u0442\u043e\u0432\u043e\u0435 \u0441\u043e\u0431\u044b\u0442\u0438\u0435", "description": "\u0422\u0435\u0441\u0442\u0438\u0440\u0443\u0435\u043c \u0441\u0430\u0439\u0442 \u0438 \u0440\u0435\u0434\u0430\u043a\u0442\u0438\u0440\u043e\u0432\u0430\u043d\u0438\u0435", "group": 1, "location": "\u0414\u043e\u043c\u0430", "date": "2019-05-28T01:00:00Z", "status": "ACT"}}, {"model": "eventapp.event", "pk": 7, "fields": {"title": "Test_evet_two", "description": "keep calm and test", "group": 1, "location": "home_pc", "date": "2019-11-21T10:15:00Z", "status": "ACT"}}, {"model": "eventapp.event", "pk": 8, "fields": {"title": "\u0414\u0435\u043b\u0430 \u0434\u0430\u0432\u043d\u043e \u043c\u0438\u043d\u0443\u0432\u0448\u0438\u0445 \u0434\u043d\u0435\u0439", "description": "\u0447\u0442\u043e-\u0442\u043e \u043f\u0440\u043e\u0438\u0441\u0445\u043e\u0434\u0438\u043b\u043e", "group": 1, "location": "\u0433\u0434\u0435-\u0442\u043e \u044d\u0442\u043e \u0431\u044b\u043b\u043e", "date": "2019-12-20T10:15:00Z", "status": "ACT"}}, {"model": "eventapp.event", "pk": 9, "fields": {"title": "\u0441\u043e\u0431\u044b\u0442\u0435\u0439\u043d\u043e\u0435 \u0441\u043e\u0431\u044b\u0442\u0438\u0435", "description": "\u043e\u0433\u043e-\u0433\u043e-\u0433\u043e \u0441\u043e\u0431\u044b\u0442\u0438\u0435 \u0449\u0430 \u0431\u0443\u0434\u0435\u0442", "group": 1, "location": "\u043f\u0440\u044f\u043c\u0430 \u0442\u0443\u0442", "date": "2019-10-08T19:45:00Z", "status": "ACT"}}, {"model": "eventapp.event", "pk": 10, "fields": {"title": "\u0442\u0435\u0441\u0442 \u0441\u043e\u0431\u044b\u0442\u0438\u0439", "description": "\u0434\u043e\u0431\u0430\u0432\u043b\u044f\u044e \u043f\u0435\u0440\u0432\u043e\u0435 \u0441\u043e\u0431\u044b\u0442\u0438\u0435", "group": 3, "location": "\u0437\u0434\u0435\u0441\u044c \u0438 \u0441\u0435\u0439\u0447\u0430\u0441", "date": "2019-10-28T20:00:00Z", "status": "ACT"}}, {"model": "eventapp.event", "pk": 11, "fields": {"title": "\u0422\u0435\u0441\u0442\u043e\u0432\u043e\u0435 \u0441\u043e\u0431\u044b\u0442\u0438\u0435 2", "description": "\u0442\u0435\u0441\u0442\u0438\u0440\u0443\u0435\u043c", "group": 3, "location": "\u0437\u0434\u0435\u0441\u044c", "date": "2019-10-28T20:00:00Z", "status": "ACT"}}, {"model": "eventapp.event", "pk": 12, "fields": {"title": "\u0422\u0435\u0441\u0442\u043e\u0432\u043e\u0435 \u0441\u043e\u0431\u044b\u0442\u0438\u0435 3", "description": "\u043f\u0440\u043e\u0434\u043e\u043b\u0436\u0430\u0435\u043c \u0442\u0435\u0441\u0442\u0438\u0442\u044c", "group": 3, "location": "\u0437\u0434\u0435\u0441\u044c", "date": "2019-11-16T20:00:00Z", "status": "ACT"}}, {"model": "eventapp.hour", "pk": 1, "fields": {"name": 0}}, {"model": "eventapp.hour", "pk": 2, "fields": {"name": 1}}, {"model": "eventapp.hour", "pk": 3, "fields": {"name": 2}}, {"model": "eventapp.hour", "pk": 4, "fields": {"name": 3}}, {"model": "eventapp.hour", "pk": 5, "fields": {"name": 4}}, {"model": "eventapp.hour", "pk": 6, "fields": {"name": 5}}, {"model": "eventapp.hour", "pk": 7, "fields": {"name": 6}}, {"model": "eventapp.hour", "pk": 8, "fields": {"name": 7}}, {"model": "eventapp.hour", "pk": 9, "fields": {"name": 8}}, {"model": "eventapp.hour", "pk": 10, "fields": {"name": 9}}, {"model": "eventapp.hour", "pk": 11, "fields": {"name": 10}}, {"model": "eventapp.hour", "pk": 12, "fields": {"name": 11}}, {"model": "eventapp.hour", "pk": 13, "fields": {"name": 12}}, {"model": "eventapp.hour", "pk": 14, "fields": {"name": 13}}, {"model": "eventapp.hour", "pk": 15, "fields": {"name": 14}}, {"model": "eventapp.hour", "pk": 16, "fields": {"name": 15}}, {"model": "eventapp.hour", "pk": 17, "fields": {"name": 16}}, {"model": "eventapp.hour", "pk": 18, "fields": {"name": 17}}, {"model": "eventapp.hour", "pk": 19, "fields": {"name": 18}}, {"model": "eventapp.hour", "pk": 20, "fields": {"name": 19}}, {"model": "eventapp.hour", "pk": 21, "fields": {"name": 20}}, {"model": "eventapp.hour", "pk": 22, "fields": {"name": 21}}, {"model": "eventapp.hour", "pk": 23, "fields": {"name": 22}}, {"model": "eventapp.hour", "pk": 24, "fields": {"name": 23}}, {"model": "eventapp.minute", "pk": 1, "fields": {"name": 0}}, {"model": "eventapp.minute", "pk": 2, "fields": {"name": 15}}, {"model": "eventapp.minute", "pk": 3, "fields": {"name": 30}}, {"model": "eventapp.minute", "pk": 4, "fields": {"name": 45}}, {"model": "eventapp.day", "pk": 1, "fields": {"name": 1}}, {"model": "eventapp.day", "pk": 2, "fields": {"name": 2}}, {"model": "eventapp.day", "pk": 3, "fields": {"name": 3}}, {"model": "eventapp.day", "pk": 4, "fields": {"name": 4}}, {"model": "eventapp.day", "pk": 5, "fields": {"name": 5}}, {"model": "eventapp.day", "pk": 6, "fields": {"name": 6}}, {"model": "eventapp.day", "pk": 7, "fields": {"name": 7}}, {"model": "eventapp.day", "pk": 8, "fields": {"name": 8}}, {"model": "eventapp.day", "pk": 9, "fields": {"name": 9}}, {"model": "eventapp.day", "pk": 10, "fields": {"name": 10}}, {"model": "eventapp.day", "pk": 11, "fields": {"name": 11}}, {"model": "eventapp.day", "pk": 12, "fields": {"name": 12}}, {"model": "eventapp.day", "pk": 13, "fields": {"name": 13}}, {"model": "eventapp.day", "pk": 14, "fields": {"name": 14}}, {"model": "eventapp.day", "pk": 15, "fields": {"name": 15}}, {"model": "eventapp.day", "pk": 16, "fields": {"name": 16}}, {"model": "eventapp.day", "pk": 17, "fields": {"name": 17}}, {"model": "eventapp.day", "pk": 18, "fields": {"name": 18}}, {"model": "eventapp.day", "pk": 19, "fields": {"name": 19}}, {"model": "eventapp.day", "pk": 20, "fields": {"name": 20}}, {"model": "eventapp.day", "pk": 21, "fields": {"name": 21}}, {"model": "eventapp.day", "pk": 22, "fields": {"name": 22}}, {"model": "eventapp.day", "pk": 23, "fields": {"name": 23}}, {"model": "eventapp.day", "pk": 24, "fields": {"name": 24}}, {"model": "eventapp.day", "pk": 25, "fields": {"name": 25}}, {"model": "eventapp.day", "pk": 26, "fields": {"name": 26}}, {"model": "eventapp.day", "pk": 27, "fields": {"name": 27}}, {"model": "eventapp.day", "pk": 28, "fields": {"name": 28}}, {"model": "eventapp.day", "pk": 29, "fields": {"name": 29}}, {"model": "eventapp.day", "pk": 30, "fields": {"name": 30}}, {"model": "eventapp.day", "pk": 31, "fields": {"name": 31}}, {"model": "eventapp.month", "pk": 1, "fields": {"name": 1}}, {"model": "eventapp.month", "pk": 2, "fields": {"name": 2}}, {"model": "eventapp.month", "pk": 3, "fields": {"name": 3}}, {"model": "eventapp.month", "pk": 4, "fields": {"name": 4}}, {"model": "eventapp.month", "pk": 5, "fields": {"name": 5}}, {"model": "eventapp.month", "pk": 6, "fields": {"name": 6}}, {"model": "eventapp.month", "pk": 7, "fields": {"name": 7}}, {"model": "eventapp.month", "pk": 8, "fields": {"name": 8}}, {"model": "eventapp.month", "pk": 9, "fields": {"name": 9}}, {"model": "eventapp.month", "pk": 10, "fields": {"name": 10}}, {"model": "eventapp.month", "pk": 11, "fields": {"name": 11}}, {"model": "eventapp.month", "pk": 12, "fields": {"name": 12}}, {"model": "eventapp.year", "pk": 1, "fields": {"name": 2019}}, {"model": "eventapp.year", "pk": 2, "fields": {"name": 2020}}, {"model": "eventapp.year", "pk": 3, "fields": {"name": 2021}}, {"model": "authapp.user", "pk": 1, "fields": {"password": "pbkdf2_sha256$120000$aMYONGLmoc5g$yNtr+GLNCGG0q1vwepIbKsn0nNvmdtWGDUCF8jtBZzw=", "last_login": "2019-05-12T16:36:24.011Z", "is_superuser": true, "username": "admin", "first_name": "alex", "last_name": "alex", "email": "a@d.com", "is_staff": true, "is_active": true, "date_joined": "2019-05-10T14:53:27.904Z", "phone": "12345678909", "activation_key": "", "activation_key_expires": "2019-05-12T14:53:10.797Z", "groups": [], "user_permissions": []}}, {"model": "authapp.user", "pk": 2, "fields": {"password": "pbkdf2_sha256$120000$PZfBbRcSMsRx$tOYsm8CpfuN8fVtBiEzk08LBCq9frMc1E+lzcP3H/C8=", "last_login": "2019-05-12T16:40:06.835Z", "is_superuser": false, "username": "test", "first_name": "", "last_name": "", "email": "test@test.com", "is_staff": false, "is_active": true, "date_joined": "2019-05-10T17:27:13.611Z", "phone": "89000099009", "activation_key": "701bf7c213f6ec119b5d8991d0fd358698d40043", "activation_key_expires": "2019-05-12T17:19:36.969Z", "groups": [], "user_permissions": []}}, {"model": "authapp.user", "pk": 3, "fields": {"password": "pbkdf2_sha256$120000$pKItse38ciEn$lid52BSWMudFBIkNfZkKuIQuny67ylyEaOvsNZKz9gI=", "last_login": null, "is_superuser": false, "username": "test_2", "first_name": "", "last_name": "", "email": "test2@test.com", "is_staff": false, "is_active": true, "date_joined": "2019-05-10T17:27:45.461Z", "phone": "89000099008", "activation_key": "0226b3109c804ee4118989a51d49b23946843e79", "activation_key_expires": "2019-05-12T17:19:36.969Z", "groups": [], "user_permissions": []}}, {"model": "authapp.user", "pk": 4, "fields": {"password": "pbkdf2_sha256$120000$7KUfOsoQdbgg$pAVxJexE/o6QN2QeGUmQNqXmsFOpR8miHKKXDD/g1Hk=", "last_login": "2019-05-12T16:41:06.701Z", "is_superuser": false, "username": "alex1", "first_name": "", "last_name": "", "email": "alex1@test.com", "is_staff": false, "is_active": true, "date_joined": "2019-05-12T16:40:56.298Z", "phone": "89000899009", "activation_key": "060c9beab97e7912017dd85be8ee6d9423f59e14", "activation_key_expires": "2019-05-14T16:36:12.751Z", "groups": [], "user_permissions": []}}, {"model": "authapp.userprofile", "pk": 1, "fields": {"user": 1, "first_name": null, "last_name": null, "patronymic": null, "phone": null, "gender": "M", "birth_date": "2001-01-01"}}, {"model": "authapp.userprofile", "pk": 2, "fields": {"user": 2, "first_name": null, "last_name": null, "patronymic": null, "phone": null, "gender": "", "birth_date": null}}, {"model": "authapp.userprofile", "pk": 3, "fields": {"user": 3, "first_name": null, "last_name": null, "patronymic": null, "phone": null, "gender": "", "birth_date": null}}, {"model": "authapp.userprofile", "pk": 4, "fields": {"user": 4, "first_name": null, "last_name": null, "patronymic": null, "phone": null, "gender": "", "birth_date": null}}, {"model": "taskapp.task", "pk": 1, "fields": {"title": "\u041f\u0440\u043e\u0439\u0442\u0438 \u0422\u041e \u0430\u0432\u0442\u043e", "group": 1, "done": true, "description": "\u0434\u043e 6 \u0438\u044e\u043d\u044f", "user": [1]}}, {"model": "taskapp.task", "pk": 2, "fields": {"title": "\u0437\u0430\u0432\u0435\u0440\u0448\u0438\u0442\u044c \u0440\u0430\u0437\u0440\u0430\u0431\u043e\u0442\u043a\u0443", "group": 1, "done": false, "description": "\u0441\u043b\u0438\u0442\u044c \u0432\u0441\u0435 \u0432\u043e\u0435\u0434\u0438\u043d\u043e", "user": [1, 2]}}, {"model": "taskapp.task", "pk": 3, "fields": {"title": "\u0421\u0432\u0430\u0440\u0438\u0442\u044c \u0449\u0438", "group": 1, "done": false, "description": "\u043a\u0430\u0440\u0442\u043e\u0448\u043a\u0438 \u043d\u0435\u0442", "user": [1]}}, {"model": "userapp.usercontactlist", "pk": 1, "fields": {"user": 1, "contact_user": 2}}, {"model": "userapp.usercontactlist", "pk": 2, "fields": {"user": 1, "contact_user": 3}}, {"model": "eventapp.eventuser", "pk": 1, "fields": {"user": 1, "role": "INT", "event": 1}}, {"model": "eventapp.eventuser", "pk": 2, "fields": {"user": 1, "role": "INT", "event": 2}}, {"model": "eventapp.eventuser", "pk": 3, "fields": {"user": 1, "role": "INT", "event": 3}}, {"model": "eventapp.eventuser", "pk": 4, "fields": {"user": 1, "role": "PRT", "event": 4}}, {"model": "eventapp.eventuser", "pk": 5, "fields": {"user": 1, "role": "PRT", "event": 5}}, {"model": "eventapp.eventuser", "pk": 6, "fields": {"user": 1, "role": "INT", "event": 6}}, {"model": "eventapp.eventuser", "pk": 7, "fields": {"user": 1, "role": "INT", "event": 7}}, {"model": "eventapp.eventuser", "pk": 8, "fields": {"user": 1, "role": "INT", "event": 8}}, {"model": "eventapp.eventuser", "pk": 9, "fields": {"user": 1, "role": "INT", "event": 9}}, {"model": "eventapp.eventuser", "pk": 10, "fields": {"user": 4, "role": "INT", "event": 10}}, {"model": "eventapp.eventuser", "pk": 11, "fields": {"user": 4, "role": "INT", "event": 11}}, {"model": "eventapp.eventuser", "pk": 12, "fields": {"user": 4, "role": "INT", "event": 12}}, {"model": "chatapp.chat", "pk": 1, "fields": {"group": 1, "user": 1, "date_modify": "2019-05-10T17:21:10.855Z", "date_create": "2019-05-10T17:21:10.855Z", "text": "\u043f\u0440\u043e\u0432\u0435\u0440\u043a\u0430 \u0438\u0437\u043c\u0435\u043d\u0435\u043d\u0438\u044f \u0440\u0430\u0437\u043c\u0435\u0440\u043e\u0432 \u0440\u0430\u043c\u043a\u0438 \u0441\u043e\u043e\u0431\u0449\u0435\u043d\u0438\u044f \u043f\u043e \u0448\u0438\u0440\u0438\u043d\u0435 \u0438 \u0432\u044b\u0441\u043e\u0442\u0435, \u0430 \u0442\u0430\u043a\u0436\u0435 \u0440\u0430\u0437\u043c\u0435\u0449\u0435\u043d\u0438\u044e \u0442\u0435\u043a\u0441\u0442\u0430 \u0432\u043d\u0443\u0442\u0440\u0438 \u043d\u0435\u0435"}}, {"model": "shoppingapp.shopingitem", "pk": 1, "fields": {"title": "\u0445\u043b\u0435\u0431", "group": 1, "done": false, "price": "36.00", "comment": "\u0431\u0430\u0442\u043e\u043d", "user": [2]}}, {"model": "shoppingapp.shopingitem", "pk": 2, "fields": {"title": "\u043c\u043e\u043b\u043e\u043a\u043e", "group": 1, "done": true, "price": "60.00", "comment": "\u0432 \u0431\u0443\u0442\u044b\u043b\u043a\u0435", "user": [1]}}, {"model": "groupapp.groupuser", "pk": 1, "fields": {"user": 1, "role": "ADM", "group": 1}}, {"model": "groupapp.groupuser", "pk": 2, "fields": {"user": 1, "role": "ADM", "group": 2}}, {"model": "groupapp.groupuser", "pk": 3, "fields": {"user": 2, "role": "USR", "group": 1}}, {"model": "groupapp.groupuser", "pk": 4, "fields": {"user": 4, "role": "ADM", "group": 3}}, {"model": "admin.logentry", "pk": 1, "fields": {"action_time": "2019-05-10T14:54:09.153Z", "user": 1, "content_type": 6, "object_id": "1", "object_repr": "cat_1", "action_flag": 1, "change_message": "[{\"added\": {}}]"}}]